[
  {
    "value": "stop",
    "synonyms": [
      "stop"
    ]
  },
  {
    "value": "boring",
    "synonyms": [
      "boring"
    ]
  },
  {
    "value": "not fun",
    "synonyms": [
      "not fun"
    ]
  },
  {
    "value": "quit",
    "synonyms": [
      "quit"
    ]
  },
  {
    "value": "bye",
    "synonyms": [
      "bye"
    ]
  },
  {
    "value": "Goodbye",
    "synonyms": [
      "Goodbye"
    ]
  },
  {
    "value": "good",
    "synonyms": [
      "good"
    ]
  },
  {
    "value": "finish",
    "synonyms": [
      "finish"
    ]
  },
  {
    "value": "end",
    "synonyms": [
      "end"
    ]
  },
  {
    "value": "i do not want to continue",
    "synonyms": [
      "i do not want to continue"
    ]
  }
]