[
  {
    "id": "85ee3d2a-ae18-4b23-9354-61987e04efa3",
    "data": [
      {
        "text": "a simple game",
        "userDefined": false
      }
    ],
    "isTemplate": false,
    "count": 0,
    "lang": "en",
    "updated": 0
  },
  {
    "id": "6a0b76fe-343d-4339-8a76-a46473eb31a7",
    "data": [
      {
        "text": "play a simple game",
        "userDefined": false
      }
    ],
    "isTemplate": false,
    "count": 0,
    "lang": "en",
    "updated": 0
  },
  {
    "id": "a3b5d975-783e-4eb5-bb6f-c3b44cb4be5e",
    "data": [
      {
        "text": "let\u0027s play a game",
        "userDefined": false
      }
    ],
    "isTemplate": false,
    "count": 0,
    "lang": "en",
    "updated": 0
  },
  {
    "id": "97fb4cd6-505d-4b39-9e3c-4a8117633d3e",
    "data": [
      {
        "text": "game",
        "userDefined": false
      }
    ],
    "isTemplate": false,
    "count": 0,
    "lang": "en",
    "updated": 0
  }
]