[
  {
    "id": "17d18fb1-de6f-4c75-92d4-ec4439e0b928",
    "data": [
      {
        "text": "Tell me a classic joke.",
        "userDefined": false
      }
    ],
    "isTemplate": false,
    "count": 0,
    "lang": "en",
    "updated": 0
  },
  {
    "id": "c6444914-34f2-4a73-b1b8-8f6b07b1588f",
    "data": [
      {
        "text": "Classic joke",
        "userDefined": false
      }
    ],
    "isTemplate": false,
    "count": 0,
    "lang": "en",
    "updated": 0
  },
  {
    "id": "b76f691b-56a3-406e-a8a9-2f0663f68c99",
    "data": [
      {
        "text": "Classic",
        "userDefined": false
      }
    ],
    "isTemplate": false,
    "count": 0,
    "lang": "en",
    "updated": 0
  }
]