[
  {
    "id": "e9593e9d-7e13-47aa-94e6-963fd412058c",
    "data": [
      {
        "text": "ok",
        "userDefined": false
      }
    ],
    "isTemplate": false,
    "count": 0,
    "lang": "en",
    "updated": 0
  },
  {
    "id": "106a4822-a8c6-4b45-847d-38b94703cbce",
    "data": [
      {
        "text": "next",
        "userDefined": false
      }
    ],
    "isTemplate": false,
    "count": 0,
    "lang": "en",
    "updated": 0
  },
  {
    "id": "b05cbf0f-c004-4467-8364-2eadddf88600",
    "data": [
      {
        "text": "It is not funny",
        "userDefined": false
      }
    ],
    "isTemplate": false,
    "count": 0,
    "lang": "en",
    "updated": 0
  },
  {
    "id": "a15a7f36-6abb-4096-804b-82a5b9b0039b",
    "data": [
      {
        "text": "Haha",
        "userDefined": false
      }
    ],
    "isTemplate": false,
    "count": 0,
    "lang": "en",
    "updated": 0
  }
]