[
  {
    "id": "57f8c884-2bff-4a25-a615-fc37f349a1a3",
    "data": [
      {
        "text": "Kid-Friendly joke.",
        "userDefined": false
      }
    ],
    "isTemplate": false,
    "count": 0,
    "lang": "en",
    "updated": 0
  },
  {
    "id": "c24600d8-8822-4716-b428-2a47761471c5",
    "data": [
      {
        "text": "Tell me Kid-Friendly joke.",
        "userDefined": false
      }
    ],
    "isTemplate": false,
    "count": 0,
    "lang": "en",
    "updated": 0
  },
  {
    "id": "89510235-c4b3-4ffb-881b-2922212f5480",
    "data": [
      {
        "text": "Kid Friendly",
        "userDefined": false
      }
    ],
    "isTemplate": false,
    "count": 0,
    "lang": "en",
    "updated": 0
  },
  {
    "id": "b992071e-9b5d-4b35-a79b-e280b5dbcc0b",
    "data": [
      {
        "text": "KidFriendly",
        "userDefined": false
      }
    ],
    "isTemplate": false,
    "count": 0,
    "lang": "en",
    "updated": 0
  },
  {
    "id": "2b863c8e-c4a1-4f40-9b32-1a90711dea17",
    "data": [
      {
        "text": "Kid-Friendly",
        "userDefined": false
      }
    ],
    "isTemplate": false,
    "count": 0,
    "lang": "en",
    "updated": 0
  }
]