[
  {
    "id": "a6790b5e-ab5c-4fcd-a92a-4f9a90ed7d7d",
    "data": [
      {
        "text": "David",
        "meta": "@sys.person",
        "alias": "person",
        "userDefined": true
      },
      {
        "text": ".",
        "userDefined": false
      }
    ],
    "isTemplate": false,
    "count": 0,
    "lang": "en",
    "updated": 0
  },
  {
    "id": "eb1c7683-c83c-46b0-9431-3c2b0839f7f7",
    "data": [
      {
        "text": "It\u0027s ",
        "userDefined": false
      },
      {
        "text": "John",
        "meta": "@sys.person",
        "alias": "person",
        "userDefined": false
      },
      {
        "text": ".",
        "userDefined": false
      }
    ],
    "isTemplate": false,
    "count": 0,
    "lang": "en",
    "updated": 0
  },
  {
    "id": "70431d99-4704-474a-b597-1b81dc283dee",
    "data": [
      {
        "text": "My name is ",
        "userDefined": false
      },
      {
        "text": "Sara",
        "meta": "@sys.person",
        "alias": "person",
        "userDefined": false
      },
      {
        "text": ".",
        "userDefined": false
      }
    ],
    "isTemplate": false,
    "count": 0,
    "lang": "en",
    "updated": 0
  }
]