[
  {
    "id": "ac94fc31-d64f-480b-828d-85926bf3c60d",
    "data": [
      {
        "text": "I don\u0027t know.",
        "userDefined": false
      }
    ],
    "isTemplate": false,
    "count": 0,
    "lang": "en",
    "updated": 0
  },
  {
    "id": "976e0a39-68d6-4b48-ac92-14f7a252f722",
    "data": [
      {
        "text": "next",
        "userDefined": false
      }
    ],
    "isTemplate": false,
    "count": 0,
    "lang": "en",
    "updated": 0
  },
  {
    "id": "692b190b-9474-401e-bee6-26cc4b19118b",
    "data": [
      {
        "text": "answer",
        "userDefined": false
      }
    ],
    "isTemplate": false,
    "count": 0,
    "lang": "en",
    "updated": 0
  },
  {
    "id": "15fb3df2-e8e9-4e9c-8066-e4862639fe79",
    "data": [
      {
        "text": "I do not know",
        "userDefined": false
      }
    ],
    "isTemplate": false,
    "count": 0,
    "lang": "en",
    "updated": 0
  },
  {
    "id": "334ed4c1-8e97-4f0b-a98b-d8301ea8cd3a",
    "data": [
      {
        "text": "queen",
        "userDefined": false
      }
    ],
    "isTemplate": false,
    "count": 0,
    "lang": "en",
    "updated": 0
  },
  {
    "id": "7412f5dd-5a7b-4e35-b08f-53f69bb231c0",
    "data": [
      {
        "text": "cat queen",
        "userDefined": false
      }
    ],
    "isTemplate": false,
    "count": 0,
    "lang": "en",
    "updated": 0
  },
  {
    "id": "c82a39ba-f739-48f6-bea7-9d344c15bc23",
    "data": [
      {
        "text": "lion queen",
        "userDefined": false
      }
    ],
    "isTemplate": false,
    "count": 0,
    "lang": "en",
    "updated": 0
  },
  {
    "id": "1398e5ca-74e3-4d4d-8fa8-3065035dc7c9",
    "data": [
      {
        "text": "cat king",
        "userDefined": false
      }
    ],
    "isTemplate": false,
    "count": 0,
    "lang": "en",
    "updated": 0
  },
  {
    "id": "2fe5264a-ccfd-43cc-8693-01b1ff14b1db",
    "data": [
      {
        "text": "crown lion",
        "userDefined": false
      }
    ],
    "isTemplate": false,
    "count": 0,
    "lang": "en",
    "updated": 0
  },
  {
    "id": "35f5943d-9152-4a13-afa3-00ed30b889bf",
    "data": [
      {
        "text": "lion crown",
        "userDefined": false
      }
    ],
    "isTemplate": false,
    "count": 0,
    "lang": "en",
    "updated": 0
  },
  {
    "id": "16aeae9e-0b34-4e82-b79f-39e6e813a5d1",
    "data": [
      {
        "text": "crown",
        "userDefined": false
      }
    ],
    "isTemplate": false,
    "count": 0,
    "lang": "en",
    "updated": 0
  },
  {
    "id": "8a85a678-f2c9-4b38-8734-2b5c84999934",
    "data": [
      {
        "text": "cat",
        "userDefined": false
      }
    ],
    "isTemplate": false,
    "count": 0,
    "lang": "en",
    "updated": 0
  },
  {
    "id": "dd2a4276-cb42-465e-9dc9-edc3cc8f130e",
    "data": [
      {
        "text": "kinglion",
        "userDefined": false
      }
    ],
    "isTemplate": false,
    "count": 0,
    "lang": "en",
    "updated": 0
  },
  {
    "id": "48f99a50-28f0-4896-befe-4ae63434acce",
    "data": [
      {
        "text": "king lion",
        "userDefined": false
      }
    ],
    "isTemplate": false,
    "count": 0,
    "lang": "en",
    "updated": 0
  },
  {
    "id": "049c7c73-3ac7-41e6-85b8-ec1b274852c1",
    "data": [
      {
        "text": "king",
        "userDefined": false
      }
    ],
    "isTemplate": false,
    "count": 0,
    "lang": "en",
    "updated": 0
  },
  {
    "id": "c5d1015d-a2a4-4e45-bd6f-b20734ba983b",
    "data": [
      {
        "text": "lion",
        "userDefined": false
      }
    ],
    "isTemplate": false,
    "count": 0,
    "lang": "en",
    "updated": 0
  }
]