[
  {
    "id": "6302711a-a002-4c12-bf32-523fd61386f9",
    "data": [
      {
        "text": "snappy joke",
        "userDefined": false
      }
    ],
    "isTemplate": false,
    "count": 0,
    "lang": "en",
    "updated": 0
  },
  {
    "id": "40e8e33b-c519-40fc-a439-801fc4000717",
    "data": [
      {
        "text": "Short joke",
        "userDefined": false
      }
    ],
    "isTemplate": false,
    "count": 0,
    "lang": "en",
    "updated": 0
  },
  {
    "id": "0b52102f-7bf5-4936-8e9d-6212dfdade5e",
    "data": [
      {
        "text": "I want a short joke.",
        "userDefined": false
      }
    ],
    "isTemplate": false,
    "count": 0,
    "lang": "en",
    "updated": 0
  },
  {
    "id": "30bae0d0-f949-4e71-b322-655b6c831cad",
    "data": [
      {
        "text": "Short jokes please.",
        "userDefined": false
      }
    ],
    "isTemplate": false,
    "count": 0,
    "lang": "en",
    "updated": 0
  },
  {
    "id": "c27848e3-e834-4fbb-a1e2-1f0307f8972a",
    "data": [
      {
        "text": "Tell me a short joke.",
        "userDefined": false
      }
    ],
    "isTemplate": false,
    "count": 0,
    "lang": "en",
    "updated": 0
  },
  {
    "id": "9f26d2e0-f239-4e2f-a9dd-4339c41b7482",
    "data": [
      {
        "text": "Short and Snappy Joke",
        "userDefined": false
      }
    ],
    "isTemplate": false,
    "count": 0,
    "lang": "en",
    "updated": 0
  }
]