[
  {
    "id": "74ddc8c6-be10-4486-99e0-50e2a49afa99",
    "data": [
      {
        "text": "I don\u0027t know.",
        "userDefined": false
      }
    ],
    "isTemplate": false,
    "count": 0,
    "lang": "en",
    "updated": 0
  },
  {
    "id": "abde1ec6-9814-469c-a3cf-d160234a18f5",
    "data": [
      {
        "text": "answer",
        "userDefined": false
      }
    ],
    "isTemplate": false,
    "count": 0,
    "lang": "en",
    "updated": 0
  },
  {
    "id": "aa4d923f-2c33-4b7f-9cf9-d77a97f59d7f",
    "data": [
      {
        "text": "next",
        "userDefined": false
      }
    ],
    "isTemplate": false,
    "count": 0,
    "lang": "en",
    "updated": 0
  },
  {
    "id": "e07050ce-590a-4953-a68c-1a9c2aa99da9",
    "data": [
      {
        "text": "I do not know.",
        "userDefined": false
      }
    ],
    "isTemplate": false,
    "count": 0,
    "lang": "en",
    "updated": 0
  },
  {
    "id": "1c5c991c-671a-4eb6-9f7c-60585289951d",
    "data": [
      {
        "text": "women",
        "userDefined": false
      }
    ],
    "isTemplate": false,
    "count": 0,
    "lang": "en",
    "updated": 0
  },
  {
    "id": "71f4f19c-7bb9-4968-9d25-64fdf297a161",
    "data": [
      {
        "text": "men",
        "userDefined": false
      }
    ],
    "isTemplate": false,
    "count": 0,
    "lang": "en",
    "updated": 0
  },
  {
    "id": "e86e2dbd-056a-4878-9edc-23a611343d24",
    "data": [
      {
        "text": "bone woman",
        "userDefined": false
      }
    ],
    "isTemplate": false,
    "count": 0,
    "lang": "en",
    "updated": 0
  },
  {
    "id": "c8da8e3f-5d01-4c2a-abe1-a2b294942d58",
    "data": [
      {
        "text": "bone man",
        "userDefined": false
      }
    ],
    "isTemplate": false,
    "count": 0,
    "lang": "en",
    "updated": 0
  },
  {
    "id": "1a7dc84e-8203-4651-80b1-02c271a44869",
    "data": [
      {
        "text": "head",
        "userDefined": false
      }
    ],
    "isTemplate": false,
    "count": 0,
    "lang": "en",
    "updated": 0
  },
  {
    "id": "a7d76c01-b3e2-44cc-90d1-3d48f356ca83",
    "data": [
      {
        "text": "bone",
        "userDefined": false
      }
    ],
    "isTemplate": false,
    "count": 0,
    "lang": "en",
    "updated": 0
  }
]