[
  {
    "id": "a3444e69-d861-4153-a552-de0d82596c39",
    "data": [
      {
        "text": "Tell me a joke.",
        "userDefined": false
      }
    ],
    "isTemplate": false,
    "count": 0,
    "lang": "en",
    "updated": 0
  },
  {
    "id": "1141042e-b911-4381-925a-3fc2c2a7eaa4",
    "data": [
      {
        "text": "I want to hear a joke.",
        "userDefined": false
      }
    ],
    "isTemplate": false,
    "count": 0,
    "lang": "en",
    "updated": 0
  },
  {
    "id": "78f8c2a1-8ead-40a8-ac56-d7543578e81c",
    "data": [
      {
        "text": "Joke",
        "userDefined": false
      }
    ],
    "isTemplate": false,
    "count": 0,
    "lang": "en",
    "updated": 0
  }
]