[
  {
    "id": "f93a724e-efa8-404d-afe4-adf17bb8ee41",
    "data": [
      {
        "text": "answer",
        "userDefined": false
      }
    ],
    "isTemplate": false,
    "count": 0,
    "lang": "en",
    "updated": 0
  },
  {
    "id": "ff076f6a-70ec-434e-a1ab-8b3242dda8fb",
    "data": [
      {
        "text": "next",
        "userDefined": false
      }
    ],
    "isTemplate": false,
    "count": 0,
    "lang": "en",
    "updated": 0
  },
  {
    "id": "d9e7b70e-af28-4f80-b341-463bc2534c24",
    "data": [
      {
        "text": "I don\u0027t know",
        "userDefined": false
      }
    ],
    "isTemplate": false,
    "count": 0,
    "lang": "en",
    "updated": 0
  },
  {
    "id": "a5136ecf-ab6a-4b89-8d48-fb4fefa1cde4",
    "data": [
      {
        "text": "I do not know.",
        "userDefined": false
      }
    ],
    "isTemplate": false,
    "count": 0,
    "lang": "en",
    "updated": 0
  },
  {
    "id": "75add15e-3edb-4ea6-b06b-14bc1ad08a34",
    "data": [
      {
        "text": "hill sheep",
        "userDefined": false
      }
    ],
    "isTemplate": false,
    "count": 0,
    "lang": "en",
    "updated": 0
  },
  {
    "id": "d7e080ae-7221-421e-92a7-8e6df4f0c7f0",
    "data": [
      {
        "text": "hill goat",
        "userDefined": false
      }
    ],
    "isTemplate": false,
    "count": 0,
    "lang": "en",
    "updated": 0
  },
  {
    "id": "3919824b-9751-4f48-aaf2-5797db503a88",
    "data": [
      {
        "text": "hill",
        "userDefined": false
      }
    ],
    "isTemplate": false,
    "count": 0,
    "lang": "en",
    "updated": 0
  },
  {
    "id": "381eca4b-9c1a-413d-bdad-0ddc38066048",
    "data": [
      {
        "text": "goat mountain",
        "userDefined": false
      }
    ],
    "isTemplate": false,
    "count": 0,
    "lang": "en",
    "updated": 0
  },
  {
    "id": "484f0b13-bab6-4683-b60f-5b16bf8d679d",
    "data": [
      {
        "text": "goat",
        "userDefined": false
      }
    ],
    "isTemplate": false,
    "count": 0,
    "lang": "en",
    "updated": 0
  },
  {
    "id": "50d6b4a0-39a8-4136-acb0-440af1f14502",
    "data": [
      {
        "text": "mountain",
        "userDefined": false
      }
    ],
    "isTemplate": false,
    "count": 0,
    "lang": "en",
    "updated": 0
  },
  {
    "id": "275a9167-0a7a-4f2a-bc78-8ce1b6b8a887",
    "data": [
      {
        "text": "sheep mountain",
        "userDefined": false
      }
    ],
    "isTemplate": false,
    "count": 0,
    "lang": "en",
    "updated": 0
  },
  {
    "id": "7324c535-44e9-4aed-a2ee-05f3a7878773",
    "data": [
      {
        "text": "sheep",
        "userDefined": false
      }
    ],
    "isTemplate": false,
    "count": 0,
    "lang": "en",
    "updated": 0
  }
]