[
  {
    "id": "ec5ce20c-6c89-4202-8b50-15ba2dc7fd62",
    "data": [
      {
        "text": "The lion king",
        "userDefined": false
      }
    ],
    "isTemplate": false,
    "count": 0,
    "lang": "en",
    "updated": 0
  },
  {
    "id": "20d5b92e-942c-4c4b-954d-0f071ce64da4",
    "data": [
      {
        "text": "Lionking",
        "userDefined": false
      }
    ],
    "isTemplate": false,
    "count": 0,
    "lang": "en",
    "updated": 0
  },
  {
    "id": "f017c571-a0f2-4d9f-9c23-bffdf5c7fb93",
    "data": [
      {
        "text": "lion king",
        "userDefined": false
      }
    ],
    "isTemplate": false,
    "count": 0,
    "lang": "en",
    "updated": 0
  },
  {
    "id": "e3da9140-7fd7-4701-9b7b-161930794c26",
    "data": [
      {
        "text": "It is lion king.",
        "userDefined": false
      }
    ],
    "isTemplate": false,
    "count": 0,
    "lang": "en",
    "updated": 0
  }
]