[
  {
    "id": "55aa74e2-48d9-4df6-907b-be04e8ef5d15",
    "data": [
      {
        "text": "It\u0027s ",
        "userDefined": false
      },
      {
        "text": "good",
        "meta": "@Quit-ent",
        "alias": "quit-ent",
        "userDefined": false
      },
      {
        "text": ".",
        "userDefined": false
      }
    ],
    "isTemplate": false,
    "count": 0,
    "lang": "en",
    "updated": 0
  },
  {
    "id": "661ce3c2-885f-4de9-81d8-a0b2b067909e",
    "data": [
      {
        "text": "good",
        "meta": "@Quit-ent",
        "alias": "quit-ent",
        "userDefined": false
      }
    ],
    "isTemplate": false,
    "count": 0,
    "lang": "en",
    "updated": 0
  }
]